{"recoDepositedEnergy": [40094.5703125, 98474.578125, 70592.5078125, 184547.453125, 27220.697265625, 21233.8125, 51900.21875, 85419.1640625, 74309.1015625, 86480.1953125, 252038.03125, 1035479.625, 51019.9375, 30255.39453125, 171397.40625, 28886.294921875, 61686.45703125, 1255736.25, 26508.54296875, 195833.46875, 86080.4453125, 27899.150390625, 31755.53125, 186558.625, 52423.89453125, 45565.3984375, 27931.66796875, 107340.828125, 31077.705078125, 333548.5, 37420.3125, 1799984.125, 23609.314453125, 23908.265625, 186010.953125, 88198.453125, 175380.359375, 85167.0703125, 32440.328125, 71842.3125, 409560.3125, 134221.28125, 66663.140625, 102178.703125, 51387.0859375, 19914.587890625, 59696.09765625, 122203.265625, 42366.98046875, 98337.875, 118801.9296875, 50258.1015625, 121114.0859375, 86322.9140625, 66750.6484375, 39222.53515625, 79398.8671875, 154762.21875, 54265.30078125, 88021.875, 60255.66796875, 33291.375, 78055.796875, 148418.296875, 125109.1015625, 35785.56640625, 51696.421875, 140879.828125, 77529.8203125, 102387.4609375, 147270.875, 49665.76171875, 618922.8125, 53188.87109375, 139270.046875, 104282.71875, 44515.26953125, 128198.3671875, 131973.578125, 50688.86328125, 66152.109375, 35120.625, 54391.9609375, 259968.828125, 164067.765625, 46774.734375, 198916.359375, 62969.078125, 81908.5625, 41390.01171875, 54963.3515625, 120741.84375, 49308.9609375, 37379.87890625, 395569.0, 179897.546875, 28828.390625, 101133.0234375, 60871.65625, 41134.1484375, 22613.66796875, 114974.0], "recoMorphology": [0, 0, 1, 0, 0, 1, 0, 0, 0, 0, 0, 0, 0, 1, 0, 1, 0, 0, 0, 0, 0, 0, 0, 0, 0, 1, 0, 0, 2, 1, 0, 2, 2, 1, 1, 0, 1, 0, 0, 1, 1, 0, 0, 0, 0, 0, 0, 0, 0, 0, 0, 1, 0, 0, 0, 0, 0, 0, 0, 2, 1, 0, 1, 0, 1, 0, 1, 0, 0, 1, 1, 0, 0, 0, 1, 1, 1, 1, 0, 1, 0, 0, 0, 0, 0, 0, 1, 1, 0, 0, 1, 0, 0, 0, 0, 0, 0, 0, 1, 0, 0, 0], "recoZenith": [1.8270703554153442, 1.4227240085601807, 0.9552649855613708, 0.9126873016357422, 1.2361491918563843, 1.2047853469848633, 2.0946884155273438, 1.2642697095870972, 1.4948956966400146, 0.8667189478874207, 2.0202202796936035, 1.5429260730743408, 0.5677031874656677, 1.1628973484039307, 1.9636365175247192, 1.116873025894165, 0.5592789649963379, 0.42102599143981934, 1.284034013748169, 1.1106257438659668, 2.938802719116211, 1.4657127857208252, 1.4951144456863403, 2.0677058696746826, 1.3677444458007812, 0.35190701484680176, 2.2445640563964844, 0.06610847264528275, 2.524462938308716, 1.6727001667022705, 2.1044046878814697, 0.5554018616676331, 1.6721534729003906, 1.9257616996765137, 1.8349400758743286, 1.3661432266235352, 1.0529940128326416, 1.6673823595046997, 1.0599446296691895, 1.5989704132080078, 0.055354710668325424, 1.3480594158172607, 2.523169994354248, 1.1925050020217896, 1.0685871839523315, 2.538329601287842, 2.7537858486175537, 0.5483760833740234, 1.793353796005249, 0.8602895140647888, 1.0339771509170532, 1.5574061870574951, 1.5571563243865967, 0.9718018770217896, 1.0978033542633057, 0.9923081994056702, 2.614529609680176, 1.6154017448425293, 1.3087581396102905, 0.8304814100265503, 1.2143632173538208, 2.1585938930511475, 1.5626380443572998, 2.642620801925659, 1.5444198846817017, 1.6660140752792358, 1.7117526531219482, 1.5002877712249756, 1.6516976356506348, 1.6683650016784668, 1.7527151107788086, 0.9006069898605347, 1.2993662357330322, 1.327879786491394, 1.5668141841888428, 0.8948932886123657, 2.202345609664917, 2.14949893951416, 1.5908657312393188, 1.8434499502182007, 1.1811132431030273, 1.7376662492752075, 1.9306764602661133, 2.143528699874878, 1.202019214630127, 1.1024600267410278, 0.7019460797309875, 1.100975751876831, 1.0754117965698242, 1.5037717819213867, 1.1158831119537354, 0.13768939673900604, 0.49896305799484253, 1.4326280355453491, 1.8924586772918701, 1.7693334817886353, 2.4720687866210938, 0.8914018869400024, 1.2890658378601074, 0.4336785674095154, 1.9061532020568848, 2.5926990509033203], "recoLength": [NaN, NaN, NaN, NaN, NaN, NaN, NaN, NaN, NaN, NaN, NaN, NaN, NaN, NaN, NaN, NaN, NaN, NaN, NaN, NaN, NaN, NaN, NaN, NaN, NaN, NaN, NaN, NaN, 18.212779998779297, NaN, NaN, 16.2374267578125, 10.5503511428833, NaN, NaN, NaN, NaN, NaN, NaN, NaN, NaN, NaN, NaN, NaN, NaN, NaN, NaN, NaN, NaN, NaN, NaN, NaN, NaN, NaN, NaN, NaN, NaN, NaN, NaN, 16.60205078125, NaN, NaN, NaN, NaN, NaN, NaN, NaN, NaN, NaN, NaN, NaN, NaN, NaN, NaN, NaN, NaN, NaN, NaN, NaN, NaN, NaN, NaN, NaN, NaN, NaN, NaN, NaN, NaN, NaN, NaN, NaN, NaN, NaN, NaN, NaN, NaN, NaN, NaN, NaN, NaN, NaN, NaN]}